{"v":"5.4.4","fr":30,"ip":0,"op":180,"w":692,"h":283,"nm":"intro_ani_part1","ddd":0,"assets":[{"id":"image_0","w":692,"h":283,"u":"images/","p":"intro_ani_vocab_1.png","e":0},{"id":"image_1","w":692,"h":283,"u":"images/","p":"intro_ani_vocab_2.png","e":0},{"id":"image_2","w":692,"h":283,"u":"images/","p":"intro_ani_vocab_3.png","e":0}],"layers":[{"ddd":0,"ind":1,"ty":2,"nm":"word1/intro_part1_toAE.ai","cl":"ai","refId":"image_0","sr":1,"ks":{"o":{"a":1,"k":[{"i":{"x":[0.833],"y":[0.833]},"o":{"x":[0.167],"y":[0.167]},"t":45,"s":[0],"e":[100]},{"i":{"x":[0.833],"y":[0.833]},"o":{"x":[0.167],"y":[0.167]},"t":60,"s":[100],"e":[100]},{"i":{"x":[0.833],"y":[0.833]},"o":{"x":[0.167],"y":[0.167]},"t":90,"s":[100],"e":[0]},{"t":100}],"ix":11},"r":{"a":0,"k":0,"ix":10},"p":{"a":1,"k":[{"i":{"x":0.833,"y":0.833},"o":{"x":0.167,"y":0.167},"t":90,"s":[522,138.5,0],"e":[614,138.5,0],"to":[15.333,0,0],"ti":[-15.333,0,0]},{"t":100}],"ix":2},"a":{"a":0,"k":[522,138.5,0],"ix":1},"s":{"a":1,"k":[{"i":{"x":[0.833,0.833,0.833],"y":[0.833,0.833,0.833]},"o":{"x":[0.167,0.167,0.167],"y":[0.167,0.167,0.167]},"t":45,"s":[50,50,100],"e":[100,100,100]},{"t":60}],"ix":6}},"ao":0,"ip":0,"op":193,"st":13,"bm":0},{"ddd":0,"ind":2,"ty":2,"nm":"word2/intro_part1_toAE.ai","cl":"ai","refId":"image_1","sr":1,"ks":{"o":{"a":1,"k":[{"i":{"x":[0.833],"y":[0.833]},"o":{"x":[0.167],"y":[0.167]},"t":30,"s":[0],"e":[100]},{"i":{"x":[0.833],"y":[0.833]},"o":{"x":[0.167],"y":[0.167]},"t":45,"s":[100],"e":[100]},{"i":{"x":[0.833],"y":[0.833]},"o":{"x":[0.167],"y":[0.167]},"t":90,"s":[100],"e":[0]},{"t":100}],"ix":11},"r":{"a":0,"k":0,"ix":10},"p":{"a":1,"k":[{"i":{"x":0.833,"y":0.833},"o":{"x":0.167,"y":0.167},"t":90,"s":[523,144.5,0],"e":[615,144.5,0],"to":[15.333,0,0],"ti":[-15.333,0,0]},{"t":100}],"ix":2},"a":{"a":0,"k":[523,144.5,0],"ix":1},"s":{"a":1,"k":[{"i":{"x":[0.833,0.833,0.833],"y":[0.833,0.833,0.833]},"o":{"x":[0.167,0.167,0.167],"y":[0.167,0.167,0.167]},"t":30,"s":[50,50,100],"e":[100,100,100]},{"t":45}],"ix":6}},"ao":0,"ip":0,"op":193,"st":13,"bm":0},{"ddd":0,"ind":3,"ty":2,"nm":"word3/intro_part1_toAE.ai","cl":"ai","refId":"image_2","sr":1,"ks":{"o":{"a":1,"k":[{"i":{"x":[0.833],"y":[0.833]},"o":{"x":[0.167],"y":[0.167]},"t":16,"s":[0],"e":[100]},{"i":{"x":[0.833],"y":[0.833]},"o":{"x":[0.167],"y":[0.167]},"t":30,"s":[100],"e":[100]},{"i":{"x":[0.833],"y":[0.833]},"o":{"x":[0.167],"y":[0.167]},"t":90,"s":[100],"e":[0]},{"t":100}],"ix":11},"r":{"a":0,"k":0,"ix":10},"p":{"a":1,"k":[{"i":{"x":0.833,"y":0.833},"o":{"x":0.167,"y":0.167},"t":90,"s":[517,117.5,0],"e":[691,117.5,0],"to":[29,0,0],"ti":[-29,0,0]},{"t":100}],"ix":2},"a":{"a":0,"k":[517,117.5,0],"ix":1},"s":{"a":1,"k":[{"i":{"x":[0.833,0.833,0.833],"y":[0.833,0.833,0.833]},"o":{"x":[0.167,0.167,0.167],"y":[0.167,0.167,0.167]},"t":16,"s":[50,50,100],"e":[100,100,100]},{"t":30}],"ix":6}},"ao":0,"ip":0,"op":193,"st":13,"bm":0},{"ddd":0,"ind":4,"ty":4,"nm":"\nstairs/intro_part1_toAE Outlines","sr":1,"ks":{"o":{"a":1,"k":[{"i":{"x":[0.833],"y":[0.833]},"o":{"x":[0.167],"y":[0.167]},"t":97,"s":[100],"e":[100]},{"t":120}],"ix":11},"r":{"a":0,"k":0,"ix":10},"p":{"a":1,"k":[{"i":{"x":0.667,"y":1},"o":{"x":0.333,"y":0},"t":97,"s":[832,-16.5,0],"e":[690,131.5,0],"to":[-23.667,24.667,0],"ti":[23.667,-24.667,0]},{"t":120}],"ix":2},"a":{"a":0,"k":[690,131.5,0],"ix":1},"s":{"a":0,"k":[100,100,100],"ix":6}},"ao":0,"shapes":[{"ty":"gr","it":[{"ind":0,"ty":"sh","ix":1,"ks":{"a":0,"k":{"i":[[0,0],[0,0],[0,0],[0,0],[0,0],[0,0],[0,0],[0,0],[0,0],[0,0],[0,0],[0,0],[0,0],[0,0],[0,0],[0,0],[0,0],[0,0],[0,0],[0,0],[0,0]],"o":[[0,0],[0,0],[0,0],[0,0],[0,0],[0,0],[0,0],[0,0],[0,0],[0,0],[0,0],[0,0],[0,0],[0,0],[0,0],[0,0],[0,0],[0,0],[0,0],[0,0],[0,0]],"v":[[-70.258,24.736],[-70.69,25.165],[-70.69,63.032],[-70.69,69.812],[-70.69,110.006],[-70.69,115.748],[-20.07,64.623],[70.689,-25.196],[70.689,-48.993],[38.624,-48.993],[38.624,-22.635],[11.166,-22.635],[11.166,3.723],[-16.293,3.723],[-16.293,33.993],[-43.752,33.993],[-43.752,63.032],[-67.944,63.032],[-67.742,26.397],[70.689,-111.579],[70.689,-115.748]],"c":true},"ix":2},"nm":"Path 1","mn":"ADBE Vector Shape - Group","hd":false},{"ty":"fl","c":{"a":0,"k":[1,1,1,1],"ix":4},"o":{"a":0,"k":100,"ix":5},"r":1,"bm":0,"nm":"Fill 1","mn":"ADBE Vector Graphic - Fill","hd":false},{"ty":"tr","p":{"a":0,"k":[621.31,159.833],"ix":2},"a":{"a":0,"k":[0,0],"ix":1},"s":{"a":0,"k":[100,100],"ix":3},"r":{"a":0,"k":0,"ix":6},"o":{"a":0,"k":100,"ix":7},"sk":{"a":0,"k":0,"ix":4},"sa":{"a":0,"k":0,"ix":5},"nm":"Transform"}],"nm":"Group 1","np":2,"cix":2,"bm":0,"ix":1,"mn":"ADBE Vector Group","hd":false}],"ip":97,"op":299,"st":110,"bm":0},{"ddd":0,"ind":5,"ty":4,"nm":"airplane/intro_part1_toAE Outlines","sr":1,"ks":{"o":{"a":0,"k":100,"ix":11},"r":{"a":0,"k":0,"ix":10},"p":{"a":0,"k":[346,141.5,0],"ix":2},"a":{"a":0,"k":[346,141.5,0],"ix":1},"s":{"a":0,"k":[100,100,100],"ix":6}},"ao":0,"hasMask":true,"masksProperties":[{"inv":false,"mode":"a","pt":{"a":0,"k":{"i":[[0,0],[0,0],[0,0],[0,0]],"o":[[0,0],[0,0],[0,0],[0,0]],"v":[[106.135,107],[106.27,196.307],[238,195.307],[238,107]],"c":true},"ix":1},"o":{"a":0,"k":100,"ix":3},"x":{"a":0,"k":0,"ix":4},"nm":"Mask 1"}],"shapes":[{"ty":"gr","it":[{"ind":0,"ty":"sh","ix":1,"ks":{"a":1,"k":[{"i":{"x":0,"y":1},"o":{"x":1,"y":0.004},"t":0,"s":[{"i":[[0,0],[0,0],[0,0],[0,0],[0,0],[0,0],[0,0],[0,0],[0,0],[-2.083,0.721],[0,0],[-0.465,-0.628],[1.286,-1.848],[0,0],[2.149,-1.59],[0,0],[0,0],[0,0],[0,0],[0,0],[0,0],[0,0]],"o":[[0,0],[0,0],[0,0],[0,0],[0,0],[0,0],[0,0],[0,0],[2.076,-1.536],[0,0],[2.143,-0.689],[0.5,0.676],[0,0],[-1.297,1.783],[0,0],[0,0],[0,0],[0,0],[0,0],[0,0],[0,0],[0,0]],"v":[[-69.369,44.217],[-78.908,38.831],[-74.887,35.855],[-66.794,38.835],[-46.486,22.794],[-74.033,6.181],[-68.673,2.214],[-36.113,14.387],[-32.626,11.75],[-26.386,8.364],[-23.505,7.408],[-19.592,7.316],[-20.77,11.103],[-22.525,13.579],[-27.695,18.639],[-31.152,21.087],[-28.992,55.82],[-34.352,59.786],[-42.195,28.59],[-63.469,43.326],[-62.982,51.938],[-67.003,54.913]],"c":true}],"e":[{"i":[[0,0],[0,0],[0,0],[0,0],[0,0],[0,0],[0,0],[0,0],[0,0],[-2.083,0.721],[0,0],[-0.465,-0.628],[1.286,-1.848],[0,0],[2.149,-1.59],[0,0],[0,0],[0,0],[0,0],[0,0],[0,0],[0,0]],"o":[[0,0],[0,0],[0,0],[0,0],[0,0],[0,0],[0,0],[0,0],[2.076,-1.536],[0,0],[2.143,-0.689],[0.5,0.676],[0,0],[-1.297,1.783],[0,0],[0,0],[0,0],[0,0],[0,0],[0,0],[0,0],[0,0]],"v":[[-20.369,13.217],[-29.908,7.831],[-25.887,4.855],[-17.794,7.835],[2.514,-8.206],[-25.033,-24.819],[-19.673,-28.786],[12.887,-16.613],[16.374,-19.25],[22.614,-22.636],[25.495,-23.592],[29.408,-23.684],[28.23,-19.897],[26.475,-17.421],[21.305,-12.361],[17.848,-9.913],[20.008,24.82],[14.648,28.786],[6.805,-2.41],[-14.469,12.326],[-13.982,20.938],[-18.003,23.913]],"c":true}]},{"i":{"x":0,"y":1},"o":{"x":1,"y":0},"t":10,"s":[{"i":[[0,0],[0,0],[0,0],[0,0],[0,0],[0,0],[0,0],[0,0],[0,0],[-2.083,0.721],[0,0],[-0.465,-0.628],[1.286,-1.848],[0,0],[2.149,-1.59],[0,0],[0,0],[0,0],[0,0],[0,0],[0,0],[0,0]],"o":[[0,0],[0,0],[0,0],[0,0],[0,0],[0,0],[0,0],[0,0],[2.076,-1.536],[0,0],[2.143,-0.689],[0.5,0.676],[0,0],[-1.297,1.783],[0,0],[0,0],[0,0],[0,0],[0,0],[0,0],[0,0],[0,0]],"v":[[-20.369,13.217],[-29.908,7.831],[-25.887,4.855],[-17.794,7.835],[2.514,-8.206],[-25.033,-24.819],[-19.673,-28.786],[12.887,-16.613],[16.374,-19.25],[22.614,-22.636],[25.495,-23.592],[29.408,-23.684],[28.23,-19.897],[26.475,-17.421],[21.305,-12.361],[17.848,-9.913],[20.008,24.82],[14.648,28.786],[6.805,-2.41],[-14.469,12.326],[-13.982,20.938],[-18.003,23.913]],"c":true}],"e":[{"i":[[0,0],[0,0],[0,0],[0,0],[0,0],[0,0],[0,0],[0,0],[0,0],[-2.083,0.721],[0,0],[-0.465,-0.628],[1.286,-1.848],[0,0],[2.149,-1.59],[0,0],[0,0],[0,0],[0,0],[0,0],[0,0],[0,0]],"o":[[0,0],[0,0],[0,0],[0,0],[0,0],[0,0],[0,0],[0,0],[2.076,-1.536],[0,0],[2.143,-0.689],[0.5,0.676],[0,0],[-1.297,1.783],[0,0],[0,0],[0,0],[0,0],[0,0],[0,0],[0,0],[0,0]],"v":[[-20.369,13.217],[-29.908,7.831],[-25.887,4.855],[-17.794,7.835],[2.514,-8.206],[-25.033,-24.819],[-19.673,-28.786],[12.887,-16.613],[16.374,-19.25],[22.614,-22.636],[25.495,-23.592],[29.408,-23.684],[28.23,-19.897],[26.475,-17.421],[21.305,-12.361],[17.848,-9.913],[20.008,24.82],[14.648,28.786],[6.805,-2.41],[-14.469,12.326],[-13.982,20.938],[-18.003,23.913]],"c":true}]},{"i":{"x":0,"y":1},"o":{"x":0.905,"y":0},"t":70,"s":[{"i":[[0,0],[0,0],[0,0],[0,0],[0,0],[0,0],[0,0],[0,0],[0,0],[-2.083,0.721],[0,0],[-0.465,-0.628],[1.286,-1.848],[0,0],[2.149,-1.59],[0,0],[0,0],[0,0],[0,0],[0,0],[0,0],[0,0]],"o":[[0,0],[0,0],[0,0],[0,0],[0,0],[0,0],[0,0],[0,0],[2.076,-1.536],[0,0],[2.143,-0.689],[0.5,0.676],[0,0],[-1.297,1.783],[0,0],[0,0],[0,0],[0,0],[0,0],[0,0],[0,0],[0,0]],"v":[[-20.369,13.217],[-29.908,7.831],[-25.887,4.855],[-17.794,7.835],[2.514,-8.206],[-25.033,-24.819],[-19.673,-28.786],[12.887,-16.613],[16.374,-19.25],[22.614,-22.636],[25.495,-23.592],[29.408,-23.684],[28.23,-19.897],[26.475,-17.421],[21.305,-12.361],[17.848,-9.913],[20.008,24.82],[14.648,28.786],[6.805,-2.41],[-14.469,12.326],[-13.982,20.938],[-18.003,23.913]],"c":true}],"e":[{"i":[[0,0],[0,0],[0,0],[0,0],[0,0],[0,0],[0,0],[0,0],[0,0],[-2.083,0.721],[0,0],[-0.465,-0.628],[1.286,-1.848],[0,0],[2.149,-1.59],[0,0],[0,0],[0,0],[0,0],[0,0],[0,0],[0,0]],"o":[[0,0],[0,0],[0,0],[0,0],[0,0],[0,0],[0,0],[0,0],[2.076,-1.536],[0,0],[2.143,-0.689],[0.5,0.676],[0,0],[-1.297,1.783],[0,0],[0,0],[0,0],[0,0],[0,0],[0,0],[0,0],[0,0]],"v":[[74.631,-51.783],[65.092,-57.169],[69.113,-60.145],[77.206,-57.165],[97.514,-73.206],[69.967,-89.819],[75.327,-93.786],[107.887,-81.613],[111.374,-84.25],[117.614,-87.636],[120.495,-88.592],[124.408,-88.684],[123.23,-84.897],[121.475,-82.421],[116.305,-77.361],[112.848,-74.913],[115.008,-40.18],[109.648,-36.214],[101.805,-67.41],[80.531,-52.674],[81.018,-44.062],[76.997,-41.087]],"c":true}]},{"t":100}],"ix":2},"nm":"Path 1","mn":"ADBE Vector Shape - Group","hd":false},{"ty":"fl","c":{"a":0,"k":[1,1,1,1],"ix":4},"o":{"a":0,"k":100,"ix":5},"r":1,"bm":0,"nm":"Fill 1","mn":"ADBE Vector Graphic - Fill","hd":false},{"ty":"tr","p":{"a":0,"k":[172.042,154.521],"ix":2},"a":{"a":0,"k":[0,0],"ix":1},"s":{"a":0,"k":[100,100],"ix":3},"r":{"a":0,"k":0,"ix":6},"o":{"a":0,"k":100,"ix":7},"sk":{"a":0,"k":0,"ix":4},"sa":{"a":0,"k":0,"ix":5},"nm":"Transform"}],"nm":"Group 1","np":2,"cix":2,"bm":0,"ix":1,"mn":"ADBE Vector Group","hd":false}],"ip":0,"op":180,"st":0,"bm":0},{"ddd":0,"ind":6,"ty":4,"nm":"computer/intro_part1_toAE Outlines","sr":1,"ks":{"o":{"a":1,"k":[{"i":{"x":[0.833],"y":[0.833]},"o":{"x":[0.167],"y":[0.167]},"t":90,"s":[100],"e":[0]},{"t":100}],"ix":11},"r":{"a":1,"k":[{"i":{"x":[0.833],"y":[0.833]},"o":{"x":[0.167],"y":[0.167]},"t":90,"s":[0],"e":[-47]},{"t":100}],"ix":10},"p":{"a":1,"k":[{"i":{"x":0.833,"y":0.833},"o":{"x":0.167,"y":0.167},"t":90,"s":[88,231.5,0],"e":[-182,357.5,0],"to":[-125,-3,0],"ti":[57,-81,0]},{"t":100}],"ix":2},"a":{"a":0,"k":[87.941,231.82,0],"ix":1},"s":{"a":0,"k":[100,100,100],"ix":6}},"ao":0,"shapes":[{"ty":"gr","it":[{"ind":0,"ty":"sh","ix":1,"ks":{"a":0,"k":{"i":[[0,0],[0,0],[0,0]],"o":[[0,0],[0,0],[0,0]],"v":[[-7.967,-11.613],[-15.756,11.614],[15.756,11.614]],"c":false},"ix":2},"nm":"Path 1","mn":"ADBE Vector Shape - Group","hd":false},{"ty":"st","c":{"a":0,"k":[1,1,1,1],"ix":3},"o":{"a":0,"k":100,"ix":4},"w":{"a":0,"k":3,"ix":5},"lc":1,"lj":1,"ml":10,"bm":0,"nm":"Stroke 1","mn":"ADBE Vector Graphic - Stroke","hd":false},{"ty":"tr","p":{"a":0,"k":[157.891,209.241],"ix":2},"a":{"a":0,"k":[0,0],"ix":1},"s":{"a":0,"k":[100,100],"ix":3},"r":{"a":0,"k":0,"ix":6},"o":{"a":0,"k":100,"ix":7},"sk":{"a":0,"k":0,"ix":4},"sa":{"a":0,"k":0,"ix":5},"nm":"Transform"}],"nm":"Group 1","np":2,"cix":2,"bm":0,"ix":1,"mn":"ADBE Vector Group","hd":false},{"ty":"gr","it":[{"ind":0,"ty":"sh","ix":1,"ks":{"a":0,"k":{"i":[[0,0],[0,0],[0,0]],"o":[[0,0],[0,0],[0,0]],"v":[[-7.967,-11.613],[-15.756,11.614],[15.756,11.614]],"c":false},"ix":2},"nm":"Path 1","mn":"ADBE Vector Shape - Group","hd":false},{"ty":"st","c":{"a":0,"k":[1,1,1,1],"ix":3},"o":{"a":0,"k":100,"ix":4},"w":{"a":0,"k":3,"ix":5},"lc":1,"lj":1,"ml":10,"bm":0,"nm":"Stroke 1","mn":"ADBE Vector Graphic - Stroke","hd":false},{"ty":"tr","p":{"a":0,"k":[186.096,209.241],"ix":2},"a":{"a":0,"k":[0,0],"ix":1},"s":{"a":0,"k":[100,100],"ix":3},"r":{"a":0,"k":0,"ix":6},"o":{"a":0,"k":100,"ix":7},"sk":{"a":0,"k":0,"ix":4},"sa":{"a":0,"k":0,"ix":5},"nm":"Transform"}],"nm":"Group 2","np":2,"cix":2,"bm":0,"ix":2,"mn":"ADBE Vector Group","hd":false},{"ty":"gr","it":[{"ind":0,"ty":"sh","ix":1,"ks":{"a":0,"k":{"i":[[0,0],[0,0]],"o":[[0,0],[0,0]],"v":[[62.835,241.886],[270.519,241.886]],"c":false},"ix":2},"nm":"Path 1","mn":"ADBE Vector Shape - Group","hd":false},{"ty":"st","c":{"a":0,"k":[1,1,1,1],"ix":3},"o":{"a":0,"k":100,"ix":4},"w":{"a":0,"k":3,"ix":5},"lc":1,"lj":1,"ml":10,"bm":0,"nm":"Stroke 1","mn":"ADBE Vector Graphic - Stroke","hd":false},{"ty":"tr","p":{"a":0,"k":[0,0],"ix":2},"a":{"a":0,"k":[0,0],"ix":1},"s":{"a":0,"k":[100,100],"ix":3},"r":{"a":0,"k":0,"ix":6},"o":{"a":0,"k":100,"ix":7},"sk":{"a":0,"k":0,"ix":4},"sa":{"a":0,"k":0,"ix":5},"nm":"Transform"}],"nm":"Group 3","np":2,"cix":2,"bm":0,"ix":3,"mn":"ADBE Vector Group","hd":false},{"ty":"gr","it":[{"ind":0,"ty":"sh","ix":1,"ks":{"a":0,"k":{"i":[[0,0],[0,0],[0,0],[0,0],[0,0]],"o":[[0,0],[0,0],[0,0],[0,0],[0,0]],"v":[[67.595,45.687],[-0.001,45.687],[-67.596,45.687],[-67.596,-45.687],[67.595,-45.687]],"c":true},"ix":2},"nm":"Path 1","mn":"ADBE Vector Shape - Group","hd":false},{"ty":"st","c":{"a":0,"k":[1,1,1,1],"ix":3},"o":{"a":0,"k":100,"ix":4},"w":{"a":0,"k":3,"ix":5},"lc":1,"lj":1,"ml":10,"bm":0,"nm":"Stroke 1","mn":"ADBE Vector Graphic - Stroke","hd":false},{"ty":"tr","p":{"a":0,"k":[171.898,151.941],"ix":2},"a":{"a":0,"k":[0,0],"ix":1},"s":{"a":0,"k":[100,100],"ix":3},"r":{"a":0,"k":0,"ix":6},"o":{"a":0,"k":100,"ix":7},"sk":{"a":0,"k":0,"ix":4},"sa":{"a":0,"k":0,"ix":5},"nm":"Transform"}],"nm":"Group 4","np":2,"cix":2,"bm":0,"ix":4,"mn":"ADBE Vector Group","hd":false}],"ip":0,"op":180,"st":0,"bm":0},{"ddd":0,"ind":7,"ty":4,"nm":"earphone/intro_part1_toAE Outlines","sr":1,"ks":{"o":{"a":1,"k":[{"i":{"x":[0.667],"y":[1]},"o":{"x":[0.333],"y":[0]},"t":60,"s":[100],"e":[100]},{"i":{"x":[0.667],"y":[1]},"o":{"x":[0.333],"y":[0]},"t":69,"s":[100],"e":[0]},{"t":75}],"ix":11},"r":{"a":1,"k":[{"i":{"x":[0.667],"y":[1]},"o":{"x":[0.333],"y":[0]},"t":60,"s":[0],"e":[47.467]},{"t":75}],"ix":10},"p":{"a":1,"k":[{"i":{"x":0.667,"y":1},"o":{"x":0.333,"y":0},"t":60,"s":[322,168.5,0],"e":[346.866,145.367,0],"to":[-1.318,-17.118,0],"ti":[-9.944,-5.084,0]},{"t":75}],"ix":2},"a":{"a":0,"k":[322.522,168.44,0],"ix":1},"s":{"a":0,"k":[100,100,100],"ix":6}},"ao":0,"shapes":[{"ty":"gr","it":[{"ind":0,"ty":"sh","ix":1,"ks":{"a":0,"k":{"i":[[0,0],[0,0],[-12.829,0],[0,0],[0,-11.018],[0,0]],"o":[[0,0],[0,-11.018],[0,0],[12.829,0],[0,0],[0,0]],"v":[[-23.229,16.021],[-23.229,3.928],[-0.001,-16.021],[0,-16.021],[23.229,3.928],[23.229,16.021]],"c":false},"ix":2},"nm":"Path 1","mn":"ADBE Vector Shape - Group","hd":false},{"ty":"st","c":{"a":0,"k":[1,1,1,1],"ix":3},"o":{"a":0,"k":100,"ix":4},"w":{"a":0,"k":3,"ix":5},"lc":1,"lj":1,"ml":10,"bm":0,"nm":"Stroke 1","mn":"ADBE Vector Graphic - Stroke","hd":false},{"ty":"tr","p":{"a":0,"k":[323.235,140.612],"ix":2},"a":{"a":0,"k":[0,0],"ix":1},"s":{"a":0,"k":[100,100],"ix":3},"r":{"a":0,"k":0,"ix":6},"o":{"a":0,"k":100,"ix":7},"sk":{"a":0,"k":0,"ix":4},"sa":{"a":0,"k":0,"ix":5},"nm":"Transform"}],"nm":"Group 1","np":2,"cix":2,"bm":0,"ix":1,"mn":"ADBE Vector Group","hd":false},{"ty":"gr","it":[{"ind":0,"ty":"sh","ix":1,"ks":{"a":0,"k":{"i":[[0,0],[0,4.574],[4.573,0]],"o":[[4.573,0],[0,-4.573],[0,0]],"v":[[-4.14,8.281],[4.141,0],[-4.14,-8.281]],"c":true},"ix":2},"nm":"Path 1","mn":"ADBE Vector Shape - Group","hd":false},{"ty":"fl","c":{"a":0,"k":[1,1,1,1],"ix":4},"o":{"a":0,"k":100,"ix":5},"r":1,"bm":0,"nm":"Fill 1","mn":"ADBE Vector Graphic - Fill","hd":false},{"ty":"tr","p":{"a":0,"k":[354.719,148.281],"ix":2},"a":{"a":0,"k":[0,0],"ix":1},"s":{"a":0,"k":[100,100],"ix":3},"r":{"a":0,"k":0,"ix":6},"o":{"a":0,"k":100,"ix":7},"sk":{"a":0,"k":0,"ix":4},"sa":{"a":0,"k":0,"ix":5},"nm":"Transform"}],"nm":"Group 2","np":2,"cix":2,"bm":0,"ix":2,"mn":"ADBE Vector Group","hd":false},{"ty":"gr","it":[{"ind":0,"ty":"sh","ix":1,"ks":{"a":0,"k":{"i":[[0,0],[0,4.574],[-4.574,0]],"o":[[-4.574,0],[0,-4.573],[0,0]],"v":[[4.141,8.281],[-4.141,0],[4.141,-8.281]],"c":true},"ix":2},"nm":"Path 1","mn":"ADBE Vector Shape - Group","hd":false},{"ty":"fl","c":{"a":0,"k":[1,1,1,1],"ix":4},"o":{"a":0,"k":100,"ix":5},"r":1,"bm":0,"nm":"Fill 1","mn":"ADBE Vector Graphic - Fill","hd":false},{"ty":"tr","p":{"a":0,"k":[291.545,148.281],"ix":2},"a":{"a":0,"k":[0,0],"ix":1},"s":{"a":0,"k":[100,100],"ix":3},"r":{"a":0,"k":0,"ix":6},"o":{"a":0,"k":100,"ix":7},"sk":{"a":0,"k":0,"ix":4},"sa":{"a":0,"k":0,"ix":5},"nm":"Transform"}],"nm":"Group 3","np":2,"cix":2,"bm":0,"ix":3,"mn":"ADBE Vector Group","hd":false}],"ip":0,"op":180,"st":0,"bm":0},{"ddd":0,"ind":8,"ty":4,"nm":"leg/intro_part1_toAE Outlines","sr":1,"ks":{"o":{"a":1,"k":[{"i":{"x":[0.833],"y":[0.833]},"o":{"x":[0.167],"y":[0.167]},"t":90,"s":[0],"e":[100]},{"t":105}],"ix":11},"r":{"a":0,"k":0,"ix":10},"p":{"a":1,"k":[{"i":{"x":0.833,"y":0.9},"o":{"x":0.167,"y":0.167},"t":90,"s":[383,199.5,0],"e":[383,164.5,0],"to":[0,-5.833,0],"ti":[0,5.833,0]},{"t":105}],"ix":2},"a":{"a":0,"k":[346,141.5,0],"ix":1},"s":{"a":0,"k":[100,100,100],"ix":6}},"ao":0,"shapes":[{"ty":"gr","it":[{"ind":0,"ty":"sh","ix":1,"ks":{"a":1,"k":[{"i":{"x":0.833,"y":0.833},"o":{"x":0.167,"y":0.167},"t":90,"s":[{"i":[[0,0],[0,0],[0,0],[0,0]],"o":[[0,0],[0,0],[0,0],[0,0]],"v":[[6.188,31.297],[-6.188,31.297],[-6.188,-31.297],[6.188,-31.297]],"c":true}],"e":[{"i":[[0,0],[0,0],[0,0],[0,0]],"o":[[0,0],[0,0],[0,0],[0,0]],"v":[[6.188,7.297],[-6.188,7.297],[-6.188,-55.297],[6.188,-55.297]],"c":true}]},{"i":{"x":0.833,"y":1},"o":{"x":0.167,"y":0.167},"t":105,"s":[{"i":[[0,0],[0,0],[0,0],[0,0]],"o":[[0,0],[0,0],[0,0],[0,0]],"v":[[6.188,7.297],[-6.188,7.297],[-6.188,-55.297],[6.188,-55.297]],"c":true}],"e":[{"i":[[0,0],[0,0],[0,0],[0,0]],"o":[[0,0],[0,0],[0,0],[0,0]],"v":[[6.188,7.297],[-6.188,7.297],[-6.188,-55.297],[6.188,-55.297]],"c":true}]},{"i":{"x":0.833,"y":1},"o":{"x":0.167,"y":0},"t":110,"s":[{"i":[[0,0],[0,0],[0,0],[0,0]],"o":[[0,0],[0,0],[0,0],[0,0]],"v":[[6.188,7.297],[-6.188,7.297],[-6.188,-55.297],[6.188,-55.297]],"c":true}],"e":[{"i":[[0,0],[0,0],[11.849,24.687],[-6.464,0.062]],"o":[[0,0],[0,0],[3.974,0.062],[11.974,22.187]],"v":[[26.688,7.344],[13.062,7.344],[-6.188,-55.297],[6.188,-55.297]],"c":true}]},{"i":{"x":0.833,"y":0.833},"o":{"x":0.167,"y":0},"t":120,"s":[{"i":[[0,0],[0,0],[11.849,24.687],[-6.464,0.062]],"o":[[0,0],[0,0],[3.974,0.062],[11.974,22.187]],"v":[[26.688,7.344],[13.062,7.344],[-6.188,-55.297],[6.188,-55.297]],"c":true}],"e":[{"i":[[0,0],[1.612,0.007],[5.849,24.937],[-5.745,0.015]],"o":[[0,0],[-0.013,-1.055],[3.021,0.046],[5.849,26.312]],"v":[[26.688,7.344],[14.188,7.297],[10.688,-46.469],[22.938,-46.422]],"c":true}]},{"i":{"x":0.833,"y":1},"o":{"x":0.167,"y":0.167},"t":130,"s":[{"i":[[0,0],[1.612,0.007],[5.849,24.937],[-5.745,0.015]],"o":[[0,0],[-0.013,-1.055],[3.021,0.046],[5.849,26.312]],"v":[[26.688,7.344],[14.188,7.297],[10.688,-46.469],[22.938,-46.422]],"c":true}],"e":[{"i":[[0,0],[3.224,0.014],[-0.151,25.187],[-5.026,-0.032]],"o":[[0,0],[-0.026,-2.111],[2.068,0.03],[-0.276,30.437]],"v":[[26.688,7.344],[15.312,7.251],[15.562,-54.64],[27.688,-54.547]],"c":true}]},{"t":140}],"ix":2},"nm":"Path 1","mn":"ADBE Vector Shape - Group","hd":false},{"ty":"st","c":{"a":0,"k":[1,1,1,1],"ix":3},"o":{"a":0,"k":100,"ix":4},"w":{"a":0,"k":3,"ix":5},"lc":1,"lj":1,"ml":10,"bm":0,"nm":"Stroke 1","mn":"ADBE Vector Graphic - Stroke","hd":false},{"ty":"tr","p":{"a":0,"k":[298.339,233.11],"ix":2},"a":{"a":0,"k":[0,0],"ix":1},"s":{"a":0,"k":[100,100],"ix":3},"r":{"a":0,"k":0,"ix":6},"o":{"a":0,"k":100,"ix":7},"sk":{"a":0,"k":0,"ix":4},"sa":{"a":0,"k":0,"ix":5},"nm":"Transform"}],"nm":"Group 1","np":2,"cix":2,"bm":0,"ix":1,"mn":"ADBE Vector Group","hd":false},{"ty":"gr","it":[{"ind":0,"ty":"sh","ix":1,"ks":{"a":1,"k":[{"i":{"x":0.833,"y":0.833},"o":{"x":0.167,"y":0.167},"t":90,"s":[{"i":[[0,0],[0,0],[0,0],[0,0]],"o":[[0,0],[0,0],[0,0],[0,0]],"v":[[6.188,31.297],[-6.188,31.297],[-6.188,-31.297],[6.188,-31.297]],"c":true}],"e":[{"i":[[0,0],[0,0],[0,0],[0,0]],"o":[[0,0],[0,0],[0,0],[0,0]],"v":[[6.188,7.297],[-6.188,7.297],[-6.188,-55.297],[6.188,-55.297]],"c":true}]},{"i":{"x":0.833,"y":0.833},"o":{"x":0.167,"y":0.167},"t":105,"s":[{"i":[[0,0],[0,0],[0,0],[0,0]],"o":[[0,0],[0,0],[0,0],[0,0]],"v":[[6.188,7.297],[-6.188,7.297],[-6.188,-55.297],[6.188,-55.297]],"c":true}],"e":[{"i":[[0,0],[0,0],[0,0],[0,0]],"o":[[0,0],[0,0],[0,0],[0,0]],"v":[[6.188,7.297],[-6.188,7.297],[-6.188,-55.297],[6.188,-55.297]],"c":true}]},{"i":{"x":0.833,"y":0.833},"o":{"x":0.167,"y":0.167},"t":110,"s":[{"i":[[0,0],[0,0],[0,0],[0,0]],"o":[[0,0],[0,0],[0,0],[0,0]],"v":[[6.188,7.297],[-6.188,7.297],[-6.188,-55.297],[6.188,-55.297]],"c":true}],"e":[{"i":[[0,0],[0,0],[8.825,14.312],[-4.956,0.031]],"o":[[0,0],[0,0],[3.888,-0.032],[9.95,17.687]],"v":[[6.188,7.297],[-6.188,7.297],[-6.188,-55.297],[6.312,-55.36]],"c":true}]},{"i":{"x":0.833,"y":0.833},"o":{"x":0.167,"y":0.167},"t":120,"s":[{"i":[[0,0],[0,0],[8.825,14.312],[-4.956,0.031]],"o":[[0,0],[0,0],[3.888,-0.032],[9.95,17.687]],"v":[[6.188,7.297],[-6.188,7.297],[-6.188,-55.297],[6.312,-55.36]],"c":true}],"e":[{"i":[[0,0],[0,0],[4.388,16],[-4.956,0.031]],"o":[[0,0],[0,0],[3.888,-0.032],[4.95,19.468]],"v":[[17.688,7.321],[5.188,7.321],[11.25,-46.461],[23.875,-46.524]],"c":true}]},{"i":{"x":0.833,"y":0.833},"o":{"x":0.167,"y":0.167},"t":130,"s":[{"i":[[0,0],[0,0],[4.388,16],[-4.956,0.031]],"o":[[0,0],[0,0],[3.888,-0.032],[4.95,19.468]],"v":[[17.688,7.321],[5.188,7.321],[11.25,-46.461],[23.875,-46.524]],"c":true}],"e":[{"i":[[0,0],[0,0],[-0.05,17.687],[-4.956,0.031]],"o":[[0,0],[0,0],[3.888,-0.032],[-0.05,21.25]],"v":[[29.188,7.344],[16.562,7.344],[16.688,-54.626],[29.438,-54.688]],"c":true}]},{"t":140}],"ix":2},"nm":"Path 1","mn":"ADBE Vector Shape - Group","hd":false},{"ty":"st","c":{"a":0,"k":[1,1,1,1],"ix":3},"o":{"a":0,"k":100,"ix":4},"w":{"a":0,"k":3,"ix":5},"lc":1,"lj":1,"ml":10,"bm":0,"nm":"Stroke 1","mn":"ADBE Vector Graphic - Stroke","hd":false},{"ty":"tr","p":{"a":0,"k":[273.862,233.11],"ix":2},"a":{"a":0,"k":[0,0],"ix":1},"s":{"a":0,"k":[100,100],"ix":3},"r":{"a":0,"k":0,"ix":6},"o":{"a":0,"k":100,"ix":7},"sk":{"a":0,"k":0,"ix":4},"sa":{"a":0,"k":0,"ix":5},"nm":"Transform"}],"nm":"Group 2","np":2,"cix":2,"bm":0,"ix":2,"mn":"ADBE Vector Group","hd":false}],"ip":60,"op":280,"st":100,"bm":0},{"ddd":0,"ind":9,"ty":4,"nm":"luggage/intro_part1_toAE Outlines","sr":1,"ks":{"o":{"a":1,"k":[{"i":{"x":[0.833],"y":[0.833]},"o":{"x":[0.167],"y":[0.167]},"t":93,"s":[0],"e":[100]},{"t":106}],"ix":11},"r":{"a":0,"k":0,"ix":10},"p":{"a":1,"k":[{"i":{"x":0.833,"y":0.833},"o":{"x":0.167,"y":0.167},"t":93,"s":[346,251.5,0],"e":[346,141.5,0],"to":[0,-18.333,0],"ti":[0,18.333,0]},{"t":106}],"ix":2},"a":{"a":0,"k":[346,141.5,0],"ix":1},"s":{"a":1,"k":[{"i":{"x":[0.833,0.833,0.833],"y":[0.833,0.833,0.833]},"o":{"x":[0.167,0.167,0.167],"y":[0.167,0.167,0.167]},"t":101,"s":[100,73.769,100],"e":[100,100,100]},{"t":106}],"ix":6}},"ao":0,"shapes":[{"ty":"gr","it":[{"ind":0,"ty":"sh","ix":1,"ks":{"a":0,"k":{"i":[[0,0],[0,0],[0,0],[0,0]],"o":[[0,0],[0,0],[0,0],[0,0]],"v":[[-13.057,27.837],[13.057,27.837],[13.057,-27.837],[-13.057,-27.837]],"c":true},"ix":2},"nm":"Path 1","mn":"ADBE Vector Shape - Group","hd":false},{"ind":1,"ty":"sh","ix":2,"ks":{"a":0,"k":{"i":[[0,0],[0,0],[0,0],[0,0]],"o":[[0,0],[0,0],[0,0],[0,0]],"v":[[16.057,30.837],[-16.057,30.837],[-16.057,-30.837],[16.057,-30.837]],"c":true},"ix":2},"nm":"Path 2","mn":"ADBE Vector Shape - Group","hd":false},{"ty":"mm","mm":1,"nm":"Merge Paths 1","mn":"ADBE Vector Filter - Merge","hd":false},{"ty":"fl","c":{"a":0,"k":[1,1,1,1],"ix":4},"o":{"a":0,"k":100,"ix":5},"r":1,"bm":0,"nm":"Fill 1","mn":"ADBE Vector Graphic - Fill","hd":false},{"ty":"tr","p":{"a":0,"k":[204.217,165.98],"ix":2},"a":{"a":0,"k":[0,0],"ix":1},"s":{"a":0,"k":[100,100],"ix":3},"r":{"a":0,"k":0,"ix":6},"o":{"a":0,"k":100,"ix":7},"sk":{"a":0,"k":0,"ix":4},"sa":{"a":0,"k":0,"ix":5},"nm":"Transform"}],"nm":"Group 1","np":4,"cix":2,"bm":0,"ix":1,"mn":"ADBE Vector Group","hd":false},{"ty":"gr","it":[{"ind":0,"ty":"sh","ix":1,"ks":{"a":0,"k":{"i":[[0,0],[0,0],[-2.813,0],[0,0],[0,2.814],[0,0]],"o":[[0,0],[0,2.814],[0,0],[2.812,0],[0,0],[0,0]],"v":[[-30.209,-10.6],[-30.209,5.506],[-25.117,10.6],[25.117,10.6],[30.21,5.506],[30.21,-10.6]],"c":true},"ix":2},"nm":"Path 1","mn":"ADBE Vector Shape - Group","hd":false},{"ty":"fl","c":{"a":0,"k":[1,1,1,1],"ix":4},"o":{"a":0,"k":100,"ix":5},"r":1,"bm":0,"nm":"Fill 1","mn":"ADBE Vector Graphic - Fill","hd":false},{"ty":"tr","p":{"a":0,"k":[204.059,246.254],"ix":2},"a":{"a":0,"k":[0,0],"ix":1},"s":{"a":0,"k":[100,100],"ix":3},"r":{"a":0,"k":0,"ix":6},"o":{"a":0,"k":100,"ix":7},"sk":{"a":0,"k":0,"ix":4},"sa":{"a":0,"k":0,"ix":5},"nm":"Transform"}],"nm":"Group 2","np":2,"cix":2,"bm":0,"ix":2,"mn":"ADBE Vector Group","hd":false},{"ty":"gr","it":[{"ind":0,"ty":"sh","ix":1,"ks":{"a":0,"k":{"i":[[0,0],[0,0],[0,0],[0,0]],"o":[[0,0],[0,0],[0,0],[0,0]],"v":[[30.209,-10.827],[-30.21,-10.827],[-30.21,10.826],[30.209,10.826]],"c":true},"ix":2},"nm":"Path 1","mn":"ADBE Vector Shape - Group","hd":false},{"ty":"fl","c":{"a":0,"k":[1,1,1,1],"ix":4},"o":{"a":0,"k":100,"ix":5},"r":1,"bm":0,"nm":"Fill 1","mn":"ADBE Vector Graphic - Fill","hd":false},{"ty":"tr","p":{"a":0,"k":[204.06,220.991],"ix":2},"a":{"a":0,"k":[0,0],"ix":1},"s":{"a":0,"k":[100,100],"ix":3},"r":{"a":0,"k":0,"ix":6},"o":{"a":0,"k":100,"ix":7},"sk":{"a":0,"k":0,"ix":4},"sa":{"a":0,"k":0,"ix":5},"nm":"Transform"}],"nm":"Group 3","np":2,"cix":2,"bm":0,"ix":3,"mn":"ADBE Vector Group","hd":false},{"ty":"gr","it":[{"ind":0,"ty":"sh","ix":1,"ks":{"a":0,"k":{"i":[[0,0],[0,0],[2.873,0],[0,0],[0,-2.873],[0,0]],"o":[[0,0],[0,-2.873],[0,0],[-2.873,0],[0,0],[0,0]],"v":[[30.21,11.01],[30.21,-5.807],[25.007,-11.01],[-25.008,-11.01],[-30.21,-5.807],[-30.21,11.01]],"c":true},"ix":2},"nm":"Path 1","mn":"ADBE Vector Shape - Group","hd":false},{"ty":"fl","c":{"a":0,"k":[1,1,1,1],"ix":4},"o":{"a":0,"k":100,"ix":5},"r":1,"bm":0,"nm":"Fill 1","mn":"ADBE Vector Graphic - Fill","hd":false},{"ty":"tr","p":{"a":0,"k":[204.059,195.317],"ix":2},"a":{"a":0,"k":[0,0],"ix":1},"s":{"a":0,"k":[100,100],"ix":3},"r":{"a":0,"k":0,"ix":6},"o":{"a":0,"k":100,"ix":7},"sk":{"a":0,"k":0,"ix":4},"sa":{"a":0,"k":0,"ix":5},"nm":"Transform"}],"nm":"Group 4","np":2,"cix":2,"bm":0,"ix":4,"mn":"ADBE Vector Group","hd":false}],"ip":75,"op":280,"st":100,"bm":0},{"ddd":0,"ind":10,"ty":4,"nm":"man/intro_part1_toAE Outlines","sr":1,"ks":{"o":{"a":0,"k":100,"ix":11},"r":{"a":0,"k":0,"ix":10},"p":{"a":1,"k":[{"i":{"x":0.833,"y":0.833},"o":{"x":0.167,"y":0.167},"t":75,"s":[346,141.5,0],"e":[346,95.5,0],"to":[0,-7.667,0],"ti":[0,10,0]},{"i":{"x":0.833,"y":0.833},"o":{"x":0.167,"y":0.167},"t":90,"s":[346,95.5,0],"e":[346,81.5,0],"to":[0,-10,0],"ti":[0,2.333,0]},{"i":{"x":0.833,"y":0.833},"o":{"x":0.167,"y":0.167},"t":105,"s":[346,81.5,0],"e":[346,81.5,0],"to":[0,0,0],"ti":[0,0,0]},{"i":{"x":0.833,"y":0.833},"o":{"x":0.167,"y":0.167},"t":110,"s":[346,81.5,0],"e":[346,81.5,0],"to":[0,0,0],"ti":[0,0,0]},{"i":{"x":0.833,"y":0.833},"o":{"x":0.167,"y":0.167},"t":120,"s":[346,81.5,0],"e":[363.748,85.5,0],"to":[1.791,0,0],"ti":[-4.479,0,0]},{"i":{"x":0.833,"y":0.833},"o":{"x":0.167,"y":0.167},"t":130,"s":[363.748,85.5,0],"e":[367.5,81.5,0],"to":[4.48,0,0],"ti":[-1.792,0,0]},{"t":140}],"ix":2},"a":{"a":0,"k":[346,141.5,0],"ix":1},"s":{"a":0,"k":[100,100,100],"ix":6}},"ao":0,"shapes":[{"ty":"gr","it":[{"ind":0,"ty":"sh","ix":1,"ks":{"a":0,"k":{"i":[[0,-8.133],[8.133,0],[0,8.133],[-8.133,0]],"o":[[0,8.133],[-8.133,0],[0,-8.133],[8.133,0]],"v":[[14.726,0],[0,14.726],[-14.726,0],[0,-14.726]],"c":true},"ix":2},"nm":"Path 1","mn":"ADBE Vector Shape - Group","hd":false},{"ty":"st","c":{"a":0,"k":[1,1,1,1],"ix":3},"o":{"a":0,"k":100,"ix":4},"w":{"a":0,"k":3,"ix":5},"lc":1,"lj":1,"ml":10,"bm":0,"nm":"Stroke 1","mn":"ADBE Vector Graphic - Stroke","hd":false},{"ty":"tr","p":{"a":0,"k":[323.27,149.343],"ix":2},"a":{"a":0,"k":[0,0],"ix":1},"s":{"a":0,"k":[100,100],"ix":3},"r":{"a":0,"k":0,"ix":6},"o":{"a":0,"k":100,"ix":7},"sk":{"a":0,"k":0,"ix":4},"sa":{"a":0,"k":0,"ix":5},"nm":"Transform"}],"nm":"Group 1","np":2,"cix":2,"bm":0,"ix":1,"mn":"ADBE Vector Group","hd":false},{"ty":"gr","it":[{"ind":0,"ty":"sh","ix":1,"ks":{"a":1,"k":[{"i":{"x":0.833,"y":0.833},"o":{"x":0.167,"y":0.167},"t":120,"s":[{"i":[[0,0],[0,0],[0,0],[-23.083,0],[0,-23.083]],"o":[[0,0],[0,0],[0,-23.083],[23.084,0],[0,0]],"v":[[41.685,40.143],[-41.909,40.143],[-41.797,3.155],[0,-38.643],[41.797,3.155]],"c":true}],"e":[{"i":[[0,0],[0,0],[0,0],[-23.083,0],[0,-23.083]],"o":[[0,0],[0,0],[0,-23.083],[23.084,0],[0,0]],"v":[[41.617,44.143],[-41.977,44.143],[-41.864,7.155],[-0.067,-34.643],[41.73,7.155]],"c":true}]},{"i":{"x":0.833,"y":0.833},"o":{"x":0.167,"y":0.167},"t":130,"s":[{"i":[[0,0],[0,0],[0,0],[-23.083,0],[0,-23.083]],"o":[[0,0],[0,0],[0,-23.083],[23.084,0],[0,0]],"v":[[41.617,44.143],[-41.977,44.143],[-41.864,7.155],[-0.067,-34.643],[41.73,7.155]],"c":true}],"e":[{"i":[[0,0],[0,0],[0,0],[-23.083,0],[0,-23.083]],"o":[[0,0],[0,0],[0,-23.083],[23.084,0],[0,0]],"v":[[41.685,40.143],[-41.909,40.143],[-41.797,3.155],[0,-38.643],[41.797,3.155]],"c":true}]},{"t":140}],"ix":2},"nm":"Path 1","mn":"ADBE Vector Shape - Group","hd":false},{"ty":"st","c":{"a":0,"k":[1,1,1,1],"ix":3},"o":{"a":0,"k":100,"ix":4},"w":{"a":0,"k":3,"ix":5},"lc":1,"lj":1,"ml":10,"bm":0,"nm":"Stroke 1","mn":"ADBE Vector Graphic - Stroke","hd":false},{"ty":"tr","p":{"a":0,"k":[323.132,210.765],"ix":2},"a":{"a":0,"k":[0,0],"ix":1},"s":{"a":0,"k":[100,100],"ix":3},"r":{"a":0,"k":0,"ix":6},"o":{"a":0,"k":100,"ix":7},"sk":{"a":0,"k":0,"ix":4},"sa":{"a":0,"k":0,"ix":5},"nm":"Transform"}],"nm":"Group 2","np":2,"cix":2,"bm":0,"ix":2,"mn":"ADBE Vector Group","hd":false}],"ip":0,"op":180,"st":0,"bm":0},{"ddd":0,"ind":11,"ty":4,"nm":"npc/intro_part1_toAE Outlines","sr":1,"ks":{"o":{"a":1,"k":[{"i":{"x":[0.833],"y":[0.833]},"o":{"x":[0.167],"y":[0.167]},"t":98,"s":[0],"e":[100]},{"t":105}],"ix":11},"r":{"a":0,"k":0,"ix":10},"p":{"a":1,"k":[{"i":{"x":0.833,"y":0.833},"o":{"x":0.167,"y":0.167},"t":98,"s":[371,298.5,0],"e":[371,138.5,0],"to":[0,-26.667,0],"ti":[0,26.167,0]},{"i":{"x":0.833,"y":0.833},"o":{"x":0.167,"y":0.167},"t":105,"s":[371,138.5,0],"e":[371,141.5,0],"to":[0,-26.167,0],"ti":[0,-0.5,0]},{"t":108}],"ix":2},"a":{"a":0,"k":[346,141.5,0],"ix":1},"s":{"a":1,"k":[{"i":{"x":[0.833,0.833,0.833],"y":[0.833,0.833,0.833]},"o":{"x":[0.167,0.167,0.167],"y":[0.167,0.167,0.167]},"t":98,"s":[100,100,100],"e":[100,96,100]},{"i":{"x":[0.833,0.833,0.833],"y":[0.833,0.833,0.833]},"o":{"x":[0.167,0.167,0.167],"y":[0.167,0.167,0.167]},"t":105,"s":[100,96,100],"e":[100,100,100]},{"t":108}],"ix":6}},"ao":0,"shapes":[{"ty":"gr","it":[{"ind":0,"ty":"sh","ix":1,"ks":{"a":0,"k":{"i":[[15.361,6.18],[0,0],[0,0],[0,0],[0,0],[0,-17.573],[0,0],[0,0],[0,0]],"o":[[0,0],[0,0],[0,0],[0,0],[-15.361,6.18],[0,0],[0,0],[0,0],[0,-17.573]],"v":[[15.586,-34.246],[15.586,-40.024],[0,-40.024],[-15.585,-40.024],[-15.585,-34.246],[-41.797,4.536],[-41.797,40.024],[41.797,40.024],[41.797,4.536]],"c":true},"ix":2},"nm":"Path 1","mn":"ADBE Vector Shape - Group","hd":false},{"ty":"st","c":{"a":0,"k":[1,1,1,1],"ix":3},"o":{"a":0,"k":100,"ix":4},"w":{"a":0,"k":3,"ix":5},"lc":1,"lj":1,"ml":10,"bm":0,"nm":"Stroke 1","mn":"ADBE Vector Graphic - Stroke","hd":false},{"ty":"tr","p":{"a":0,"k":[441.642,150.864],"ix":2},"a":{"a":0,"k":[0,0],"ix":1},"s":{"a":0,"k":[100,100],"ix":3},"r":{"a":0,"k":0,"ix":6},"o":{"a":0,"k":100,"ix":7},"sk":{"a":0,"k":0,"ix":4},"sa":{"a":0,"k":0,"ix":5},"nm":"Transform"}],"nm":"Group 1","np":2,"cix":2,"bm":0,"ix":1,"mn":"ADBE Vector Group","hd":false},{"ty":"gr","it":[{"ind":0,"ty":"sh","ix":1,"ks":{"a":1,"k":[{"i":{"x":0.833,"y":0.833},"o":{"x":0.167,"y":0.167},"t":155,"s":[{"i":[[0,0],[0,-0.537],[-7.841,0],[0,7.843],[0.058,0.521]],"o":[[-0.059,0.521],[0,7.843],[7.842,0],[0,-0.537],[0,0]],"v":[[-14.105,-7.893],[-14.2,-6.307],[-0.001,7.893],[14.199,-6.307],[14.105,-7.893]],"c":true}],"e":[{"i":[[0,0],[0,-0.537],[-7.841,0],[0,7.843],[0.058,0.521]],"o":[[-0.059,0.521],[0,7.843],[7.842,0],[0,-0.537],[0,0]],"v":[[-14.105,-7.893],[-14.2,-6.307],[-0.001,7.893],[14.199,-6.307],[14.105,-7.893]],"c":true}]},{"t":160}],"ix":2},"nm":"Path 1","mn":"ADBE Vector Shape - Group","hd":false},{"ty":"st","c":{"a":0,"k":[1,1,1,1],"ix":3},"o":{"a":0,"k":100,"ix":4},"w":{"a":0,"k":3,"ix":5},"lc":1,"lj":1,"ml":10,"bm":0,"nm":"Stroke 1","mn":"ADBE Vector Graphic - Stroke","hd":false},{"ty":"tr","p":{"a":0,"k":[441.536,88.564],"ix":2},"a":{"a":0,"k":[0,-3.655],"ix":1},"s":{"a":0,"k":[100,100],"ix":3},"r":{"a":1,"k":[{"i":{"x":[0.833],"y":[0.833]},"o":{"x":[0.167],"y":[0.167]},"t":155,"s":[0],"e":[-9.459]},{"i":{"x":[0.833],"y":[0.833]},"o":{"x":[0.167],"y":[0.167]},"t":160,"s":[-9.459],"e":[0]},{"i":{"x":[0.833],"y":[0.833]},"o":{"x":[0.167],"y":[0.167]},"t":167,"s":[0],"e":[-9.459]},{"t":172}],"ix":6},"o":{"a":0,"k":100,"ix":7},"sk":{"a":0,"k":0,"ix":4},"sa":{"a":0,"k":0,"ix":5},"nm":"Transform"}],"nm":"Group 2","np":2,"cix":2,"bm":0,"ix":2,"mn":"ADBE Vector Group","hd":false},{"ty":"gr","it":[{"ind":0,"ty":"sh","ix":1,"ks":{"a":1,"k":[{"i":{"x":0.833,"y":0.833},"o":{"x":0.167,"y":0.167},"t":155,"s":[{"i":[[0,0],[0,0],[0,0],[0,0],[-0.642,3.207],[0,0],[0,0],[0,0]],"o":[[0,0],[0,0],[0,0],[0,0],[0,0],[0,0],[0,0],[0.642,3.207]],"v":[[-11.709,5.559],[-0.441,5.559],[0.441,5.559],[11.709,5.559],[16.686,-5.559],[0.441,-5.559],[-0.441,-5.559],[-16.686,-5.559]],"c":true}],"e":[{"i":[[0,0],[0,0],[0,0],[0,0],[-0.642,3.207],[0,0],[0,0],[0,0]],"o":[[0,0],[0,0],[0,0],[0,0],[0,0],[0,0],[0,0],[0.642,3.207]],"v":[[-11.709,5.559],[-0.441,5.559],[0.441,5.559],[11.709,5.559],[16.686,-5.559],[0.441,-5.559],[-0.441,-5.559],[-16.686,-5.559]],"c":true}]},{"i":{"x":0.833,"y":0.833},"o":{"x":0.167,"y":0.167},"t":160,"s":[{"i":[[0,0],[0,0],[0,0],[0,0],[-0.642,3.207],[0,0],[0,0],[0,0]],"o":[[0,0],[0,0],[0,0],[0,0],[0,0],[0,0],[0,0],[0.642,3.207]],"v":[[-11.709,5.559],[-0.441,5.559],[0.441,5.559],[11.709,5.559],[16.686,-5.559],[0.441,-5.559],[-0.441,-5.559],[-16.686,-5.559]],"c":true}],"e":[{"i":[[0,0],[0,0],[0,0],[0,0],[-0.642,3.207],[0,0],[0,0],[0,0]],"o":[[0,0],[0,0],[0,0],[0,0],[0,0],[0,0],[0,0],[0.642,3.207]],"v":[[-11.709,5.559],[-0.441,5.559],[0.441,5.559],[11.709,5.559],[16.686,-5.559],[0.441,-5.559],[-0.441,-5.559],[-16.686,-5.559]],"c":true}]},{"i":{"x":0.833,"y":0.833},"o":{"x":0.167,"y":0.167},"t":167,"s":[{"i":[[0,0],[0,0],[0,0],[0,0],[-0.642,3.207],[0,0],[0,0],[0,0]],"o":[[0,0],[0,0],[0,0],[0,0],[0,0],[0,0],[0,0],[0.642,3.207]],"v":[[-11.709,5.559],[-0.441,5.559],[0.441,5.559],[11.709,5.559],[16.686,-5.559],[0.441,-5.559],[-0.441,-5.559],[-16.686,-5.559]],"c":true}],"e":[{"i":[[0,0],[0,0],[0,0],[0,0],[-0.642,3.207],[0,0],[0,0],[0,0]],"o":[[0,0],[0,0],[0,0],[0,0],[0,0],[0,0],[0,0],[0.642,3.207]],"v":[[-11.709,5.559],[-0.441,5.559],[0.441,5.559],[11.709,5.559],[16.686,-5.559],[0.441,-5.559],[-0.441,-5.559],[-16.686,-5.559]],"c":true}]},{"t":172}],"ix":2},"nm":"Path 1","mn":"ADBE Vector Shape - Group","hd":false},{"ty":"fl","c":{"a":0,"k":[1,1,1,1],"ix":4},"o":{"a":0,"k":100,"ix":5},"r":1,"bm":0,"nm":"Fill 1","mn":"ADBE Vector Graphic - Fill","hd":false},{"ty":"tr","p":{"a":0,"k":[441.17,88.127],"ix":2},"a":{"a":0,"k":[0,13.854],"ix":1},"s":{"a":0,"k":[100,100],"ix":3},"r":{"a":1,"k":[{"i":{"x":[0.833],"y":[0.833]},"o":{"x":[0.167],"y":[0.167]},"t":155,"s":[0],"e":[-9.459]},{"i":{"x":[0.833],"y":[0.833]},"o":{"x":[0.167],"y":[0.167]},"t":160,"s":[-9.459],"e":[0]},{"i":{"x":[0.833],"y":[0.833]},"o":{"x":[0.167],"y":[0.167]},"t":167,"s":[0],"e":[-9.459]},{"t":172}],"ix":6},"o":{"a":0,"k":100,"ix":7},"sk":{"a":0,"k":0,"ix":4},"sa":{"a":0,"k":0,"ix":5},"nm":"Transform"}],"nm":"Group 3","np":2,"cix":2,"bm":0,"ix":3,"mn":"ADBE Vector Group","hd":false},{"ty":"gr","it":[{"ind":0,"ty":"sh","ix":1,"ks":{"a":0,"k":{"i":[[0,0],[0,0],[0,0],[0,0]],"o":[[0,0],[0,0],[0,0],[0,0]],"v":[[6.188,31.297],[-6.188,31.297],[-6.188,-31.297],[6.188,-31.297]],"c":true},"ix":2},"nm":"Path 1","mn":"ADBE Vector Shape - Group","hd":false},{"ty":"st","c":{"a":0,"k":[1,1,1,1],"ix":3},"o":{"a":0,"k":100,"ix":4},"w":{"a":0,"k":3,"ix":5},"lc":1,"lj":1,"ml":10,"bm":0,"nm":"Stroke 1","mn":"ADBE Vector Graphic - Stroke","hd":false},{"ty":"tr","p":{"a":0,"k":[453.881,233.11],"ix":2},"a":{"a":0,"k":[0,0],"ix":1},"s":{"a":0,"k":[100,100],"ix":3},"r":{"a":0,"k":0,"ix":6},"o":{"a":0,"k":100,"ix":7},"sk":{"a":0,"k":0,"ix":4},"sa":{"a":0,"k":0,"ix":5},"nm":"Transform"}],"nm":"Group 4","np":2,"cix":2,"bm":0,"ix":4,"mn":"ADBE Vector Group","hd":false},{"ty":"gr","it":[{"ind":0,"ty":"sh","ix":1,"ks":{"a":0,"k":{"i":[[0,0],[0,0],[0,0],[0,0]],"o":[[0,0],[0,0],[0,0],[0,0]],"v":[[6.188,31.297],[-6.188,31.297],[-6.188,-31.297],[6.188,-31.297]],"c":true},"ix":2},"nm":"Path 1","mn":"ADBE Vector Shape - Group","hd":false},{"ty":"st","c":{"a":0,"k":[1,1,1,1],"ix":3},"o":{"a":0,"k":100,"ix":4},"w":{"a":0,"k":3,"ix":5},"lc":1,"lj":1,"ml":10,"bm":0,"nm":"Stroke 1","mn":"ADBE Vector Graphic - Stroke","hd":false},{"ty":"tr","p":{"a":0,"k":[429.405,233.11],"ix":2},"a":{"a":0,"k":[0,0],"ix":1},"s":{"a":0,"k":[100,100],"ix":3},"r":{"a":0,"k":0,"ix":6},"o":{"a":0,"k":100,"ix":7},"sk":{"a":0,"k":0,"ix":4},"sa":{"a":0,"k":0,"ix":5},"nm":"Transform"}],"nm":"Group 5","np":2,"cix":2,"bm":0,"ix":5,"mn":"ADBE Vector Group","hd":false}],"ip":98,"op":280,"st":100,"bm":0},{"ddd":0,"ind":12,"ty":4,"nm":"talk/intro_part1_toAE Outlines","sr":1,"ks":{"o":{"a":1,"k":[{"i":{"x":[0.833],"y":[0.833]},"o":{"x":[0.167],"y":[0.167]},"t":131,"s":[0],"e":[100]},{"t":152}],"ix":11},"r":{"a":1,"k":[{"i":{"x":[0.833],"y":[0.833]},"o":{"x":[0.167],"y":[0.167]},"t":131,"s":[-15],"e":[10]},{"i":{"x":[0.833],"y":[0.833]},"o":{"x":[0.167],"y":[0.167]},"t":148,"s":[10],"e":[0]},{"t":152}],"ix":10},"p":{"a":1,"k":[{"i":{"x":0.833,"y":0.833},"o":{"x":0.167,"y":0.167},"t":131,"s":[259,131.5,0],"e":[273.18,113.525,0],"to":[-1.244,-8.468,0],"ti":[-6.745,3.706,0]},{"i":{"x":0.833,"y":0.833},"o":{"x":0.167,"y":0.167},"t":148,"s":[273.18,113.525,0],"e":[271,111.5,0],"to":[1.386,-0.762,0],"ti":[-1.833,0.59,0]},{"t":152}],"ix":2},"a":{"a":0,"k":[208,111.5,0],"ix":1},"s":{"a":0,"k":[100,100,100],"ix":6}},"ao":0,"shapes":[{"ty":"gr","it":[{"ind":0,"ty":"sh","ix":1,"ks":{"a":0,"k":{"i":[[0,0],[0,0],[0,0],[0,0]],"o":[[0,0],[0,0],[0,0],[0,0]],"v":[[16.087,1.448],[-16.087,1.448],[-16.087,-1.448],[16.087,-1.448]],"c":true},"ix":2},"nm":"Path 1","mn":"ADBE Vector Shape - Group","hd":false},{"ty":"fl","c":{"a":0,"k":[0.246999987434,0.851000019148,0.855000035903,1],"ix":4},"o":{"a":0,"k":100,"ix":5},"r":1,"bm":0,"nm":"Fill 1","mn":"ADBE Vector Graphic - Fill","hd":false},{"ty":"tr","p":{"a":0,"k":[129.029,87.797],"ix":2},"a":{"a":0,"k":[0,0],"ix":1},"s":{"a":0,"k":[100,100],"ix":3},"r":{"a":0,"k":0,"ix":6},"o":{"a":0,"k":100,"ix":7},"sk":{"a":0,"k":0,"ix":4},"sa":{"a":0,"k":0,"ix":5},"nm":"Transform"}],"nm":"Group 1","np":2,"cix":2,"bm":0,"ix":1,"mn":"ADBE Vector Group","hd":false},{"ty":"gr","it":[{"ind":0,"ty":"sh","ix":1,"ks":{"a":0,"k":{"i":[[0,0],[0,0],[0,0],[0,0]],"o":[[0,0],[0,0],[0,0],[0,0]],"v":[[36.729,1.448],[-36.73,1.448],[-36.73,-1.448],[36.729,-1.448]],"c":true},"ix":2},"nm":"Path 1","mn":"ADBE Vector Shape - Group","hd":false},{"ty":"fl","c":{"a":0,"k":[0.246999987434,0.851000019148,0.855000035903,1],"ix":4},"o":{"a":0,"k":100,"ix":5},"r":1,"bm":0,"nm":"Fill 1","mn":"ADBE Vector Graphic - Fill","hd":false},{"ty":"tr","p":{"a":0,"k":[149.672,72.016],"ix":2},"a":{"a":0,"k":[0,0],"ix":1},"s":{"a":0,"k":[100,100],"ix":3},"r":{"a":0,"k":0,"ix":6},"o":{"a":0,"k":100,"ix":7},"sk":{"a":0,"k":0,"ix":4},"sa":{"a":0,"k":0,"ix":5},"nm":"Transform"}],"nm":"Group 2","np":2,"cix":2,"bm":0,"ix":2,"mn":"ADBE Vector Group","hd":false},{"ty":"gr","it":[{"ind":0,"ty":"sh","ix":1,"ks":{"a":0,"k":{"i":[[0,0],[0,0],[0,0],[0,0]],"o":[[0,0],[0,0],[0,0],[0,0]],"v":[[36.729,1.448],[-36.73,1.448],[-36.73,-1.448],[36.729,-1.448]],"c":true},"ix":2},"nm":"Path 1","mn":"ADBE Vector Shape - Group","hd":false},{"ty":"fl","c":{"a":0,"k":[0.246999987434,0.851000019148,0.855000035903,1],"ix":4},"o":{"a":0,"k":100,"ix":5},"r":1,"bm":0,"nm":"Fill 1","mn":"ADBE Vector Graphic - Fill","hd":false},{"ty":"tr","p":{"a":0,"k":[149.672,58.184],"ix":2},"a":{"a":0,"k":[0,0],"ix":1},"s":{"a":0,"k":[100,100],"ix":3},"r":{"a":0,"k":0,"ix":6},"o":{"a":0,"k":100,"ix":7},"sk":{"a":0,"k":0,"ix":4},"sa":{"a":0,"k":0,"ix":5},"nm":"Transform"}],"nm":"Group 3","np":2,"cix":2,"bm":0,"ix":3,"mn":"ADBE Vector Group","hd":false},{"ty":"gr","it":[{"ind":0,"ty":"sh","ix":1,"ks":{"a":0,"k":{"i":[[3.464,6.95],[0,0],[0,7.422],[0,0],[-7.421,0],[0,0],[0,-7.422],[0,0],[0,0]],"o":[[0,0],[-7.421,0],[0,0],[0,-7.422],[0,0],[7.422,0],[0,0],[-0.945,9.876],[0,0]],"v":[[41.365,33.209],[-46.009,33.209],[-59.446,19.771],[-59.446,-26.721],[-46.009,-40.159],[39.263,-40.159],[52.701,-26.721],[52.701,19.771],[59.446,40.149]],"c":true},"ix":2},"nm":"Path 1","mn":"ADBE Vector Shape - Group","hd":false},{"ty":"fl","c":{"a":0,"k":[1,1,1,1],"ix":4},"o":{"a":0,"k":100,"ix":5},"r":1,"bm":0,"nm":"Fill 1","mn":"ADBE Vector Graphic - Fill","hd":false},{"ty":"tr","p":{"a":0,"k":[151.516,76.055],"ix":2},"a":{"a":0,"k":[0,0],"ix":1},"s":{"a":0,"k":[100,100],"ix":3},"r":{"a":0,"k":0,"ix":6},"o":{"a":0,"k":100,"ix":7},"sk":{"a":0,"k":0,"ix":4},"sa":{"a":0,"k":0,"ix":5},"nm":"Transform"}],"nm":"Group 4","np":2,"cix":2,"bm":0,"ix":4,"mn":"ADBE Vector Group","hd":false}],"ip":98,"op":280,"st":100,"bm":0},{"ddd":0,"ind":13,"ty":4,"nm":"think/intro_part1_toAE Outlines","sr":1,"ks":{"o":{"a":1,"k":[{"i":{"x":[0.833],"y":[0.833]},"o":{"x":[0.167],"y":[0.167]},"t":90,"s":[100],"e":[0]},{"t":100}],"ix":11},"r":{"a":1,"k":[{"i":{"x":[0.833],"y":[0.833]},"o":{"x":[0.167],"y":[0.167]},"t":90,"s":[0],"e":[25]},{"t":100}],"ix":10},"p":{"a":1,"k":[{"i":{"x":0.833,"y":0.833},"o":{"x":0.167,"y":0.167},"t":90,"s":[526,141.5,0],"e":[590,141.5,0],"to":[10.667,0,0],"ti":[-10.667,0,0]},{"t":100}],"ix":2},"a":{"a":0,"k":[526,141.5,0],"ix":1},"s":{"a":0,"k":[100,100,100],"ix":6}},"ao":0,"shapes":[{"ty":"gr","it":[{"ind":0,"ty":"sh","ix":1,"ks":{"a":0,"k":{"i":[[0,-2.049],[2.049,0],[0,2.049],[-2.049,0]],"o":[[0,2.049],[-2.049,0],[0,-2.049],[2.049,0]],"v":[[3.71,0],[0,3.71],[-3.71,0],[0,-3.71]],"c":true},"ix":2},"nm":"Path 1","mn":"ADBE Vector Shape - Group","hd":false},{"ty":"fl","c":{"a":0,"k":[1,1,1,1],"ix":4},"o":{"a":0,"k":100,"ix":5},"r":1,"bm":0,"nm":"Fill 1","mn":"ADBE Vector Graphic - Fill","hd":false},{"ty":"tr","p":{"a":0,"k":[360.546,107.338],"ix":2},"a":{"a":0,"k":[0,0],"ix":1},"s":{"a":0,"k":[100,100],"ix":3},"r":{"a":0,"k":0,"ix":6},"o":{"a":1,"k":[{"i":{"x":[0.833],"y":[0.833]},"o":{"x":[0.167],"y":[0.167]},"t":0,"s":[0],"e":[100]},{"t":8}],"ix":7},"sk":{"a":0,"k":0,"ix":4},"sa":{"a":0,"k":0,"ix":5},"nm":"Transform"}],"nm":"Group 1","np":2,"cix":2,"bm":0,"ix":1,"mn":"ADBE Vector Group","hd":false},{"ty":"gr","it":[{"ind":0,"ty":"sh","ix":1,"ks":{"a":0,"k":{"i":[[0,-4.927],[4.927,0],[0,4.926],[-4.927,0]],"o":[[0,4.926],[-4.927,0],[0,-4.927],[4.927,0]],"v":[[8.92,0],[0,8.92],[-8.92,0],[0,-8.92]],"c":true},"ix":2},"nm":"Path 1","mn":"ADBE Vector Shape - Group","hd":false},{"ty":"fl","c":{"a":0,"k":[1,1,1,1],"ix":4},"o":{"a":1,"k":[{"i":{"x":[0.833],"y":[0.833]},"o":{"x":[0.167],"y":[0.167]},"t":8,"s":[0],"e":[100]},{"t":15}],"ix":5},"r":1,"bm":0,"nm":"Fill 1","mn":"ADBE Vector Graphic - Fill","hd":false},{"ty":"tr","p":{"a":0,"k":[378.255,103.199],"ix":2},"a":{"a":0,"k":[0,0],"ix":1},"s":{"a":0,"k":[100,100],"ix":3},"r":{"a":0,"k":0,"ix":6},"o":{"a":0,"k":100,"ix":7},"sk":{"a":0,"k":0,"ix":4},"sa":{"a":0,"k":0,"ix":5},"nm":"Transform"}],"nm":"Group 2","np":2,"cix":2,"bm":0,"ix":2,"mn":"ADBE Vector Group","hd":false},{"ty":"gr","it":[{"ind":0,"ty":"sh","ix":1,"ks":{"a":1,"k":[{"i":{"x":0.833,"y":0.833},"o":{"x":0.167,"y":0.167},"t":15,"s":[{"i":[[0,14.948],[37.375,7.339],[11.534,-8.428],[18.567,-4.709],[5.494,-30.835],[4.196,-10.786],[-6.783,-3.207],[0,-12.836],[-18.282,-4.985],[-33.97,0],[-12.007,8.616],[-11.223,4.135],[-0.946,8.453],[0.799,3.279],[0,13.861],[3.849,5.235]],"o":[[0,-38.543],[-10.67,-2.095],[-12.037,-13.053],[-12.222,3.099],[-10.25,0.876],[-2.901,7.457],[-8.906,7.894],[0,19.863],[8.264,31.375],[15.906,0],[7.807,7.869],[23.078,-8.503],[0.392,-3.503],[12.415,-4.26],[0,-6.996],[8.003,-11.356]],"v":[[86.54,-35.709],[32.956,-83.386],[-15.792,-77.006],[-54.693,-96.232],[-87.122,-58.062],[-117.812,-45.16],[-106.325,-21.038],[-126.57,8.195],[-97.701,34.681],[-49.784,93.217],[-11.928,70.467],[34.862,83.213],[52.214,49.171],[50.982,38.944],[72.324,9.057],[66.197,-9.637]],"c":true}],"e":[{"i":[[0,14.948],[38.543,0],[11.534,-8.428],[19.155,0],[5.494,-30.835],[0,-10.477],[-6.783,-3.207],[0,-12.836],[-18.282,-4.985],[-33.97,0],[-12.007,8.616],[-11.961,0],[0,23.796],[0.799,3.279],[0,13.861],[3.849,5.235]],"o":[[0,-38.543],[-15.38,0],[-12.037,-13.053],[-32.413,0],[-10.25,0.876],[0,8.001],[-8.906,7.894],[0,19.863],[8.264,31.375],[15.906,0],[7.807,7.869],[23.796,0],[0,-3.525],[12.415,-4.26],[0,-6.996],[8.003,-11.356]],"v":[[122.758,-32.694],[52.97,-102.482],[11.847,-89.067],[-36.585,-110.303],[-101.418,-56.052],[-119.719,-36.115],[-108.232,-18.023],[-122.758,14.225],[-91.03,55.787],[-20.238,110.303],[22.383,96.598],[52.97,109.344],[96.056,66.257],[94.824,56.03],[116.167,26.143],[110.039,7.449]],"c":true}]},{"t":45}],"ix":2},"nm":"Path 1","mn":"ADBE Vector Shape - Group","hd":false},{"ty":"fl","c":{"a":0,"k":[1,1,1,1],"ix":4},"o":{"a":1,"k":[{"i":{"x":[0.833],"y":[0.833]},"o":{"x":[0.167],"y":[0.167]},"t":15,"s":[0],"e":[100]},{"t":23}],"ix":5},"r":1,"bm":0,"nm":"Fill 1","mn":"ADBE Vector Graphic - Fill","hd":false},{"ty":"tr","p":{"a":0,"k":[521.208,139.665],"ix":2},"a":{"a":0,"k":[0,0],"ix":1},"s":{"a":0,"k":[104.922,99.498],"ix":3},"r":{"a":0,"k":0,"ix":6},"o":{"a":0,"k":100,"ix":7},"sk":{"a":0,"k":0,"ix":4},"sa":{"a":0,"k":0,"ix":5},"nm":"Transform"}],"nm":"Group 3","np":2,"cix":2,"bm":0,"ix":3,"mn":"ADBE Vector Group","hd":false}],"ip":0,"op":180,"st":0,"bm":0}],"markers":[]}