{"v":"5.4.4","fr":30,"ip":0,"op":210,"w":640,"h":566,"nm":"intro_part0_mobile_toAE","ddd":0,"assets":[{"id":"image_0","w":640,"h":566,"u":"images/","p":"intro_ani_title_mobile_1.png","e":0},{"id":"image_1","w":640,"h":566,"u":"images/","p":"intro_ani_title_mobile_2.png","e":0},{"id":"image_2","w":640,"h":566,"u":"images/","p":"intro_ani_title_mobile_3.png","e":0},{"id":"image_3","w":640,"h":566,"u":"images/","p":"intro_ani_title_mobile_4.png","e":0}],"layers":[{"ddd":0,"ind":1,"ty":2,"nm":"title_2","refId":"image_0","sr":1,"ks":{"o":{"a":1,"k":[{"i":{"x":[0.833],"y":[0.833]},"o":{"x":[0.167],"y":[0.167]},"t":30,"s":[0],"e":[100]},{"t":60}],"ix":11},"r":{"a":0,"k":0,"ix":10},"p":{"a":0,"k":[320,283,0],"ix":2},"a":{"a":0,"k":[320,283,0],"ix":1},"s":{"a":0,"k":[100,100,100],"ix":6}},"ao":0,"hasMask":true,"masksProperties":[{"inv":false,"mode":"a","pt":{"a":1,"k":[{"i":{"x":0.833,"y":0.833},"o":{"x":0.167,"y":0.167},"t":30,"s":[{"i":[[0,0],[0,0],[0,0],[0,0]],"o":[[0,0],[0,0],[0,0],[0,0]],"v":[[0,0],[0,566],[12,566],[12,0]],"c":true}],"e":[{"i":[[0,0],[0,0],[0,0],[0,0]],"o":[[0,0],[0,0],[0,0],[0,0]],"v":[[0,0],[0,566],[639,566],[639,0]],"c":true}]},{"t":60}],"ix":1},"o":{"a":0,"k":100,"ix":3},"x":{"a":0,"k":0,"ix":4},"nm":"Mask 1"}],"ip":0,"op":360,"st":0,"bm":0},{"ddd":0,"ind":2,"ty":2,"nm":"title_1","refId":"image_1","sr":1,"ks":{"o":{"a":1,"k":[{"i":{"x":[0.833],"y":[0.833]},"o":{"x":[0.167],"y":[0.167]},"t":0,"s":[0],"e":[100]},{"t":30}],"ix":11},"r":{"a":0,"k":0,"ix":10},"p":{"a":0,"k":[320,283,0],"ix":2},"a":{"a":0,"k":[320,283,0],"ix":1},"s":{"a":0,"k":[100,100,100],"ix":6}},"ao":0,"hasMask":true,"masksProperties":[{"inv":false,"mode":"a","pt":{"a":1,"k":[{"i":{"x":0.833,"y":0.833},"o":{"x":0.167,"y":0.167},"t":0,"s":[{"i":[[0,0],[0,0],[0,0],[0,0]],"o":[[0,0],[0,0],[0,0],[0,0]],"v":[[0,0],[0,566],[8,566],[8,0]],"c":true}],"e":[{"i":[[0,0],[0,0],[0,0],[0,0]],"o":[[0,0],[0,0],[0,0],[0,0]],"v":[[0,0],[0,566],[640,566],[640,0]],"c":true}]},{"t":30}],"ix":1},"o":{"a":0,"k":100,"ix":3},"x":{"a":0,"k":0,"ix":4},"nm":"Mask 1"}],"ip":0,"op":360,"st":0,"bm":0},{"ddd":0,"ind":3,"ty":2,"nm":"title_3","refId":"image_2","sr":1,"ks":{"o":{"a":1,"k":[{"i":{"x":[0.833],"y":[0.833]},"o":{"x":[0.167],"y":[0.167]},"t":99,"s":[0],"e":[100]},{"t":129}],"ix":11},"r":{"a":0,"k":0,"ix":10},"p":{"a":0,"k":[320,283,0],"ix":2},"a":{"a":0,"k":[320,283,0],"ix":1},"s":{"a":0,"k":[100,100,100],"ix":6}},"ao":0,"hasMask":true,"masksProperties":[{"inv":false,"mode":"a","pt":{"a":1,"k":[{"i":{"x":0.833,"y":0.833},"o":{"x":0.167,"y":0.167},"t":99,"s":[{"i":[[0,0],[0,0],[0,0],[0,0]],"o":[[0,0],[0,0],[0,0],[0,0]],"v":[[0,0],[0,566],[6,566],[6,0]],"c":true}],"e":[{"i":[[0,0],[0,0],[0,0],[0,0]],"o":[[0,0],[0,0],[0,0],[0,0]],"v":[[0,0],[0,566],[634,566],[634,0]],"c":true}]},{"t":129}],"ix":1},"o":{"a":0,"k":100,"ix":3},"x":{"a":0,"k":0,"ix":4},"nm":"Mask 1"}],"ip":0,"op":360,"st":0,"bm":0},{"ddd":0,"ind":4,"ty":2,"nm":"title_4","refId":"image_3","sr":1,"ks":{"o":{"a":1,"k":[{"i":{"x":[0.833],"y":[0.833]},"o":{"x":[0.167],"y":[0.167]},"t":75,"s":[0],"e":[100]},{"t":105}],"ix":11},"r":{"a":0,"k":0,"ix":10},"p":{"a":0,"k":[320,283,0],"ix":2},"a":{"a":0,"k":[320,283,0],"ix":1},"s":{"a":0,"k":[100,100,100],"ix":6}},"ao":0,"hasMask":true,"masksProperties":[{"inv":false,"mode":"a","pt":{"a":1,"k":[{"i":{"x":0.833,"y":0.833},"o":{"x":0.167,"y":0.167},"t":75,"s":[{"i":[[0,0],[0,0],[0,0],[0,0]],"o":[[0,0],[0,0],[0,0],[0,0]],"v":[[0,0],[0,566],[14,566],[14,0]],"c":true}],"e":[{"i":[[0,0],[0,0],[0,0],[0,0]],"o":[[0,0],[0,0],[0,0],[0,0]],"v":[[0,0],[0,566],[640,566],[640,0]],"c":true}]},{"t":105}],"ix":1},"o":{"a":0,"k":100,"ix":3},"x":{"a":0,"k":0,"ix":4},"nm":"Mask 1"}],"ip":0,"op":360,"st":0,"bm":0}],"markers":[]}