{"v":"5.4.4","fr":30,"ip":0,"op":210,"w":692,"h":283,"nm":"intro_part0_toAE","ddd":0,"assets":[{"id":"image_0","w":692,"h":283,"u":"images/","p":"intro_ani_title_1.png","e":0},{"id":"image_1","w":692,"h":283,"u":"images/","p":"intro_ani_title_2.png","e":0},{"id":"image_2","w":692,"h":283,"u":"images/","p":"intro_ani_title_3.png","e":0},{"id":"image_3","w":692,"h":283,"u":"images/","p":"intro_ani_title_4.png","e":0}],"layers":[{"ddd":0,"ind":1,"ty":2,"nm":"title_1","refId":"image_0","sr":1,"ks":{"o":{"a":1,"k":[{"i":{"x":[0.833],"y":[0.833]},"o":{"x":[0.167],"y":[0.167]},"t":30,"s":[0],"e":[100]},{"t":95}],"ix":11},"r":{"a":0,"k":0,"ix":10},"p":{"a":0,"k":[346,141.5,0],"ix":2},"a":{"a":0,"k":[346,141.5,0],"ix":1},"s":{"a":0,"k":[100,100,100],"ix":6}},"ao":0,"hasMask":true,"masksProperties":[{"inv":false,"mode":"a","pt":{"a":1,"k":[{"i":{"x":0.833,"y":0.833},"o":{"x":0.167,"y":0.167},"t":30,"s":[{"i":[[0,0],[0,0],[0,0],[0,0]],"o":[[0,0],[0,0],[0,0],[0,0]],"v":[[40.629,0],[0,0],[0,281.441],[40.629,281.441]],"c":true}],"e":[{"i":[[0,0],[0,0],[0,0],[0,0]],"o":[[0,0],[0,0],[0,0],[0,0]],"v":[[684,0],[0,0],[0,281.441],[684,281.441]],"c":true}]},{"t":95}],"ix":1},"o":{"a":0,"k":100,"ix":3},"x":{"a":0,"k":0,"ix":4},"nm":"Mask 1"}],"ip":0,"op":361,"st":0,"bm":0},{"ddd":0,"ind":2,"ty":2,"nm":"title_2","refId":"image_1","sr":1,"ks":{"o":{"a":1,"k":[{"i":{"x":[0.833],"y":[0.833]},"o":{"x":[0.167],"y":[0.167]},"t":55,"s":[0],"e":[100]},{"t":111}],"ix":11},"r":{"a":0,"k":0,"ix":10},"p":{"a":0,"k":[346,141.5,0],"ix":2},"a":{"a":0,"k":[346,141.5,0],"ix":1},"s":{"a":0,"k":[100,100,100],"ix":6}},"ao":0,"hasMask":true,"masksProperties":[{"inv":false,"mode":"a","pt":{"a":1,"k":[{"i":{"x":0.833,"y":0.833},"o":{"x":0.167,"y":0.167},"t":55,"s":[{"i":[[0,0],[0,0],[0,0],[0,0]],"o":[[0,0],[0,0],[0,0],[0,0]],"v":[[20.684,2],[3,2],[3,282],[20.684,282]],"c":true}],"e":[{"i":[[0,0],[0,0],[0,0],[0,0]],"o":[[0,0],[0,0],[0,0],[0,0]],"v":[[686,2],[3,2],[3,278],[685,284]],"c":true}]},{"t":111}],"ix":1},"o":{"a":0,"k":100,"ix":3},"x":{"a":0,"k":0,"ix":4},"nm":"Mask 2"}],"ip":0,"op":361,"st":0,"bm":0},{"ddd":0,"ind":3,"ty":2,"nm":"title_3","refId":"image_2","sr":1,"ks":{"o":{"a":0,"k":100,"ix":11},"r":{"a":0,"k":0,"ix":10},"p":{"a":0,"k":[346,141.5,0],"ix":2},"a":{"a":0,"k":[346,141.5,0],"ix":1},"s":{"a":0,"k":[100,100,100],"ix":6}},"ao":0,"hasMask":true,"masksProperties":[{"inv":false,"mode":"a","pt":{"a":1,"k":[{"i":{"x":0.833,"y":0.833},"o":{"x":0.167,"y":0.167},"t":40,"s":[{"i":[[0,0],[0,0],[0,0],[0,0]],"o":[[0,0],[0,0],[0,0],[0,0]],"v":[[21.258,5],[2,5],[2,278.684],[21.258,278.684]],"c":true}],"e":[{"i":[[0,0],[0,0],[0,0],[0,0]],"o":[[0,0],[0,0],[0,0],[0,0]],"v":[[692.758,9.25],[2.5,10.25],[2.5,288.934],[692.758,282.934]],"c":true}]},{"t":107}],"ix":1},"o":{"a":1,"k":[{"i":{"x":[0.833],"y":[0.833]},"o":{"x":[0.167],"y":[0.167]},"t":40,"s":[0],"e":[100]},{"t":107}],"ix":3},"x":{"a":0,"k":0,"ix":4},"nm":"Mask 2"}],"ip":0,"op":361,"st":0,"bm":0},{"ddd":0,"ind":4,"ty":2,"nm":"title_4","refId":"image_3","sr":1,"ks":{"o":{"a":0,"k":100,"ix":11},"r":{"a":0,"k":0,"ix":10},"p":{"a":0,"k":[346,141.5,0],"ix":2},"a":{"a":0,"k":[346,141.5,0],"ix":1},"s":{"a":0,"k":[100,100,100],"ix":6}},"ao":0,"hasMask":true,"masksProperties":[{"inv":false,"mode":"a","pt":{"a":1,"k":[{"i":{"x":0.833,"y":0.833},"o":{"x":0.167,"y":0.167},"t":0,"s":[{"i":[[0,0],[0,0],[0,0],[0,0]],"o":[[0,0],[0,0],[0,0],[0,0]],"v":[[8,2],[8,285],[33,285],[33,2]],"c":true}],"e":[{"i":[[0,0],[0,0],[0,0],[0,0]],"o":[[0,0],[0,0],[0,0],[0,0]],"v":[[5,0],[5,283],[691,283],[691,0]],"c":true}]},{"t":48}],"ix":1},"o":{"a":1,"k":[{"i":{"x":[0.833],"y":[0.833]},"o":{"x":[0.167],"y":[0.167]},"t":0,"s":[0],"e":[100]},{"t":48}],"ix":3},"x":{"a":0,"k":0,"ix":4},"nm":"Mask 1"}],"ip":0,"op":367,"st":0,"bm":0}],"markers":[]}